﻿--
-- Script was generated by Devart dbForge Studio for MySQL, Version 8.0.40.0
-- Product home page: http://www.devart.com/dbforge/mysql/studio
-- Script date 09/06/2024 13:55:53
-- Server version: 5.5.5-10.1.40-MariaDB
-- Client version: 4.1
--

-- 
-- Disable foreign keys
-- 
/*!40014 SET @OLD_FOREIGN_KEY_CHECKS=@@FOREIGN_KEY_CHECKS, FOREIGN_KEY_CHECKS=0 */;

-- 
-- Set SQL mode
-- 
/*!40101 SET @OLD_SQL_MODE=@@SQL_MODE, SQL_MODE='NO_AUTO_VALUE_ON_ZERO' */;

-- 
-- Set character set the client will use to send SQL statements to the server
--
SET NAMES 'utf8';

DROP DATABASE IF EXISTS saludplus;

CREATE DATABASE saludplus
CHARACTER SET latin1
COLLATE latin1_swedish_ci;

--
-- Set default database
--
USE saludplus;

--
-- Create table `medicos`
--
CREATE TABLE medicos (
  id int(11) NOT NULL AUTO_INCREMENT,
  nombre varchar(20) NOT NULL,
  direccion varchar(50) DEFAULT NULL,
  apellidos varchar(50) NOT NULL,
  experiencia int(11) DEFAULT NULL,
  PRIMARY KEY (id)
)
ENGINE = INNODB,
AUTO_INCREMENT = 31,
AVG_ROW_LENGTH = 546,
CHARACTER SET latin1,
COLLATE latin1_swedish_ci;

--
-- Create index `uk_nombre_medicos` on table `medicos`
--
ALTER TABLE medicos
ADD UNIQUE INDEX uk_nombre_medicos (nombre);

--
-- Create table `telefonosmedico`
--
CREATE TABLE telefonosmedico (
  id int(11) NOT NULL AUTO_INCREMENT,
  idMedico int(11) NOT NULL,
  telefonosMedico varchar(20) DEFAULT NULL,
  PRIMARY KEY (id)
)
ENGINE = INNODB,
AUTO_INCREMENT = 34,
AVG_ROW_LENGTH = 546,
CHARACTER SET latin1,
COLLATE latin1_swedish_ci;

--
-- Create index `uk_telefonosmedico_medicos` on table `telefonosmedico`
--
ALTER TABLE telefonosmedico
ADD UNIQUE INDEX uk_telefonosmedico_medicos (idMedico);

--
-- Create foreign key
--
ALTER TABLE telefonosmedico
ADD CONSTRAINT fk_telefonosmedico_medicos FOREIGN KEY (idMedico)
REFERENCES medicos (id) ON DELETE CASCADE ON UPDATE CASCADE;

--
-- Create table `pacientes`
--
CREATE TABLE pacientes (
  id int(11) NOT NULL AUTO_INCREMENT,
  dni char(9) NOT NULL,
  direccion varchar(50) DEFAULT NULL,
  apellido varchar(50) NOT NULL,
  nombre varchar(20) NOT NULL,
  expediente varchar(500) DEFAULT NULL,
  idMedico int(11) NOT NULL,
  fechaDeConsulta date DEFAULT NULL,
  atendido tinyint(1) DEFAULT NULL,
  PRIMARY KEY (id)
)
ENGINE = INNODB,
AUTO_INCREMENT = 34,
AVG_ROW_LENGTH = 1638,
CHARACTER SET latin1,
COLLATE latin1_swedish_ci;

--
-- Create index `uk_dni_pacientes` on table `pacientes`
--
ALTER TABLE pacientes
ADD UNIQUE INDEX uk_dni_pacientes (dni);

--
-- Create foreign key
--
ALTER TABLE pacientes
ADD CONSTRAINT fk_pacientes_medicos FOREIGN KEY (idMedico)
REFERENCES medicos (id) ON DELETE CASCADE ON UPDATE CASCADE;

--
-- Create table `telefonospaciente`
--
CREATE TABLE telefonospaciente (
  id int(11) NOT NULL AUTO_INCREMENT,
  idPaciente int(11) NOT NULL,
  telefonosPaciente varchar(20) DEFAULT NULL,
  PRIMARY KEY (id)
)
ENGINE = INNODB,
AUTO_INCREMENT = 31,
AVG_ROW_LENGTH = 546,
CHARACTER SET latin1,
COLLATE latin1_swedish_ci;

--
-- Create index `uk_telefonospaciente_pacientes` on table `telefonospaciente`
--
ALTER TABLE telefonospaciente
ADD UNIQUE INDEX uk_telefonospaciente_pacientes (idPaciente);

--
-- Create foreign key
--
ALTER TABLE telefonospaciente
ADD CONSTRAINT fk_telefonospaciente_pacientes FOREIGN KEY (idPaciente)
REFERENCES pacientes (id) ON DELETE CASCADE ON UPDATE CASCADE;

--
-- Create table `procedimientos`
--
CREATE TABLE procedimientos (
  id int(11) NOT NULL AUTO_INCREMENT,
  numExpediente int(11) NOT NULL,
  detalles varchar(200) DEFAULT NULL,
  idPaciente int(11) NOT NULL,
  PRIMARY KEY (id)
)
ENGINE = INNODB,
AUTO_INCREMENT = 31,
AVG_ROW_LENGTH = 546,
CHARACTER SET latin1,
COLLATE latin1_swedish_ci;

--
-- Create index `uk_numexpediente_procedimientos` on table `procedimientos`
--
ALTER TABLE procedimientos
ADD UNIQUE INDEX uk_numexpediente_procedimientos (numExpediente);

--
-- Create foreign key
--
ALTER TABLE procedimientos
ADD CONSTRAINT fk_procedimientos_pacientes FOREIGN KEY (idPaciente)
REFERENCES pacientes (id) ON DELETE CASCADE ON UPDATE CASCADE;

--
-- Create table `realizan`
--
CREATE TABLE realizan (
  id int(11) NOT NULL AUTO_INCREMENT,
  idProcedimiento int(11) NOT NULL,
  idMedico int(11) NOT NULL,
  PRIMARY KEY (id)
)
ENGINE = INNODB,
AUTO_INCREMENT = 32,
AVG_ROW_LENGTH = 546,
CHARACTER SET latin1,
COLLATE latin1_swedish_ci;

--
-- Create index `uk_procedimientos_medicos` on table `realizan`
--
ALTER TABLE realizan
ADD UNIQUE INDEX uk_procedimientos_medicos (idProcedimiento, idMedico);

--
-- Create foreign key
--
ALTER TABLE realizan
ADD CONSTRAINT fk_utilizan_medicos FOREIGN KEY (idMedico)
REFERENCES medicos (id) ON DELETE CASCADE ON UPDATE CASCADE;

--
-- Create foreign key
--
ALTER TABLE realizan
ADD CONSTRAINT fk_utilizan_procedimientos FOREIGN KEY (idProcedimiento)
REFERENCES procedimientos (id) ON DELETE CASCADE ON UPDATE CASCADE;

--
-- Create table `especialidades`
--
CREATE TABLE especialidades (
  id int(11) NOT NULL AUTO_INCREMENT,
  idMedico int(11) NOT NULL,
  especialidades varchar(20) DEFAULT NULL,
  PRIMARY KEY (id)
)
ENGINE = INNODB,
AUTO_INCREMENT = 32,
AVG_ROW_LENGTH = 546,
CHARACTER SET latin1,
COLLATE latin1_swedish_ci;

--
-- Create index `uk_especialidades_medicos` on table `especialidades`
--
ALTER TABLE especialidades
ADD UNIQUE INDEX uk_especialidades_medicos (idMedico, especialidades);

--
-- Create foreign key
--
ALTER TABLE especialidades
ADD CONSTRAINT fk_especialidades_medicos FOREIGN KEY (idMedico)
REFERENCES medicos (id) ON DELETE CASCADE ON UPDATE CASCADE;

--
-- Create table `proveedores`
--
CREATE TABLE proveedores (
  id int(11) NOT NULL AUTO_INCREMENT,
  cif char(9) NOT NULL,
  nombre varchar(20) NOT NULL,
  descripcion varchar(200) DEFAULT NULL,
  ubicacion varchar(50) DEFAULT NULL,
  PRIMARY KEY (id)
)
ENGINE = INNODB,
AUTO_INCREMENT = 31,
AVG_ROW_LENGTH = 546,
CHARACTER SET latin1,
COLLATE latin1_swedish_ci;

--
-- Create index `uk_cif_proveedores` on table `proveedores`
--
ALTER TABLE proveedores
ADD UNIQUE INDEX uk_cif_proveedores (cif);

--
-- Create table `productos`
--
CREATE TABLE productos (
  idProductos int(11) NOT NULL AUTO_INCREMENT,
  nombre varchar(20) NOT NULL,
  precio int(11) NOT NULL,
  area varchar(20) DEFAULT NULL,
  limitada tinyint(1) NOT NULL,
  stock int(11) DEFAULT NULL,
  PRIMARY KEY (idProductos)
)
ENGINE = INNODB,
AUTO_INCREMENT = 31,
AVG_ROW_LENGTH = 546,
CHARACTER SET latin1,
COLLATE latin1_swedish_ci;

--
-- Create table `utilizan`
--
CREATE TABLE utilizan (
  id int(11) NOT NULL AUTO_INCREMENT,
  idPaciente int(11) NOT NULL,
  idProductos int(11) NOT NULL,
  PRIMARY KEY (id)
)
ENGINE = INNODB,
AUTO_INCREMENT = 31,
AVG_ROW_LENGTH = 546,
CHARACTER SET latin1,
COLLATE latin1_swedish_ci;

--
-- Create index `uk_pacientes_productos` on table `utilizan`
--
ALTER TABLE utilizan
ADD UNIQUE INDEX uk_pacientes_productos (idPaciente, idProductos);

--
-- Create foreign key
--
ALTER TABLE utilizan
ADD CONSTRAINT fk_utilizan_pacientes FOREIGN KEY (idPaciente)
REFERENCES pacientes (id) ON DELETE CASCADE ON UPDATE CASCADE;

--
-- Create foreign key
--
ALTER TABLE utilizan
ADD CONSTRAINT fk_utilizan_productos FOREIGN KEY (idProductos)
REFERENCES productos (idProductos) ON DELETE CASCADE ON UPDATE CASCADE;

--
-- Create table `recetan`
--
CREATE TABLE recetan (
  id int(11) NOT NULL AUTO_INCREMENT,
  idProductos int(11) NOT NULL,
  idMedico int(11) NOT NULL,
  PRIMARY KEY (id)
)
ENGINE = INNODB,
AUTO_INCREMENT = 31,
AVG_ROW_LENGTH = 546,
CHARACTER SET latin1,
COLLATE latin1_swedish_ci;

--
-- Create index `uk_productos_medicos` on table `recetan`
--
ALTER TABLE recetan
ADD UNIQUE INDEX uk_productos_medicos (idProductos, idMedico);

--
-- Create foreign key
--
ALTER TABLE recetan
ADD CONSTRAINT fk_recetan_medicos FOREIGN KEY (idMedico)
REFERENCES medicos (id) ON DELETE CASCADE ON UPDATE CASCADE;

--
-- Create foreign key
--
ALTER TABLE recetan
ADD CONSTRAINT fk_recetan_productos FOREIGN KEY (idProductos)
REFERENCES productos (idProductos) ON DELETE CASCADE ON UPDATE CASCADE;

--
-- Create table `proporcionan`
--
CREATE TABLE proporcionan (
  id int(11) NOT NULL AUTO_INCREMENT,
  idProveedor int(11) NOT NULL,
  idProductos int(11) NOT NULL,
  PRIMARY KEY (id)
)
ENGINE = INNODB,
AUTO_INCREMENT = 31,
AVG_ROW_LENGTH = 546,
CHARACTER SET latin1,
COLLATE latin1_swedish_ci;

--
-- Create index `uk_proveedores_productos` on table `proporcionan`
--
ALTER TABLE proporcionan
ADD UNIQUE INDEX uk_proveedores_productos (idProveedor, idProductos);

--
-- Create foreign key
--
ALTER TABLE proporcionan
ADD CONSTRAINT fk_proporcionan_productos FOREIGN KEY (idProductos)
REFERENCES productos (idProductos) ON DELETE CASCADE ON UPDATE CASCADE;

--
-- Create foreign key
--
ALTER TABLE proporcionan
ADD CONSTRAINT fk_proporcionan_proveedores FOREIGN KEY (idProveedor)
REFERENCES proveedores (id) ON DELETE CASCADE ON UPDATE CASCADE;

-- 
-- Dumping data for table medicos
--
INSERT INTO medicos VALUES
(2, 'Wiglaf', 'Prinzregentenstraße 1, 46798, Abenberg', 'Leist', 23),
(3, 'Dominik', 'Lissi-Kaeser-Straße 2, 66482, Kuhs', 'Kleinermann', 7),
(4, 'Polykarp', 'Dachauer Straße 15d, 98987, Abbau Ader', 'aulig', 7),
(5, 'Chestine', 'Kanalstraße 28, 07734, Flatow', 'Zurbriggen', 12),
(6, 'Berend', 'Weißenburger Platz 7a, 03911, Biersdorf am See', 'Forster', 18),
(7, 'Jochem', 'Angertorstraße 7, 53730, Aftholderbach', 'chlechter', 6),
(8, 'Roho', 'Ohmstraße 2, 75926, Großlöbichau', 'Tischbein', 26),
(9, 'Bernanda', 'Sammtstraße 1, 34094, Abbau Ader', 'Heitsch', 14),
(10, 'Leni', 'Ackerstraße 25-25, 24176, Altenmedingen', 'Abicht', 1),
(11, 'Wigald', 'Lessingstraße 72c, 01657, Untereisesheim', 'Franke', 25),
(12, 'Coelestina', 'Goethestraße 2, 49340, Preußisch Oldendorf', 'Meier', 5),
(13, 'Lowis', 'Bazeillesstraße 2, 35252, Levitzow', 'chmidt', 4),
(14, 'Ailine ', 'Ebenauer Straße 1, 72060, Strande', 'Leitner', 23),
(15, 'Darine', 'Luitpoldstraße 6, 34925, Leutersdorf', 'Kleinmann', 5),
(16, 'Herward', 'Sandtnerstraße 1, 19554, Gohlis', 'Heldman', 13),
(17, 'Darvin', 'Pilgersheimer Straße 66e, 75062, Abentheuer', 'Franz', 24),
(18, 'Salvina', 'Franzstraße 19, 43831, Lawalde-Lauba', 'Henkel', 15),
(19, 'Zilia', 'Bazeillesstraße 1a, 53351, Gaberndorf', 'Tischler', 10),
(20, 'Annalene', 'Dürnbräugasse 2, 21502, Westkinberg', 'eiper', 23),
(21, 'Filibert', 'Kaiserstraße 3b, 09047, Döllen', 'Meissner', 1),
(22, 'Konstantine', 'Simeonistraße 116a, 34257, Ebrach', 'chmitz', 25),
(23, 'Basileo ', 'Tulbeckstraße 1, 27818, Abenberg', 'Tissen', 25),
(24, 'Zowie', 'Meindlstraße 26, 57710, Sörgenloch', 'Buchmeyer', 27),
(25, 'Ablona ', 'Adelheidstraße 2e, 26568, Bechelsdorf', 'Adler', 8),
(26, 'Lulu', 'Neufahrner Straße 8c, 39570, Eschenbergen', 'Buchner', 1),
(27, 'Lorina', 'Vilshofener Straße 14b, 56708, Güsten', 'chneider', 4),
(28, 'Bringfred', 'Aberlestraße 7c, 09423, Marxheim', 'Totleben', 15),
(29, 'Binia', 'Steinsdorfstraße 2, 31614, Eggingen', 'Albrecht', 20),
(30, 'Burga', 'Beethovenstraße 1, 02858, Ringenwalde', 'erl', 23);

-- 
-- Dumping data for table pacientes
--
INSERT INTO pacientes VALUES
(2, '70234567L', 'Adi-Maislinger-Straße 19e, 46610, Oberding', 'Pointer', 'Lanny', 'Motivo de la consulta: Erupción cutánea y picazón intensa. Historia Clínica: Antecedentes médicos familiares: Sin antecedentes médicos significativos. Antecedentes personales: No fumadora, sin alergias conocidas. Examen Físico: Signos vitales: Presión arterial, frecuencia cardíaca, frecuencia respiratoria, temperatura. Estado general: Erupción cutánea en la parte superior del cuerpo. Diagnóstico Provisional: Dermatitis alérgica. Pruebas y Resultados: Evaluación de alergias cutáneas. Consulta con', 3, '2023-09-02', 0),
(3, '70345678V', 'Adamstraße 5, 52101, Auerberg', 'Leyva', 'Darron', 'Motivo de la consulta: Dolor en la rodilla derecha después de una actividad física intensa. Historia Clínica: Antecedentes médicos familiares: Sin antecedentes médicos significativos. Examen Físico: Signos vitales: Presión arterial, frecuencia cardíaca, frecuencia respiratoria, temperatura. Estado general: Dolor y leve inflamación en la rodilla derecha. Diagnóstico Provisional: Lesión en el menisco de la rodilla derecha. Pruebas y Resultados: Resonancia magnética de la rodilla. Evaluación por un', 18, '2023-07-01', 0),
(4, '70456789S', 'Zumpestraße 1, 91286, Amstetten', 'Esquivel', 'Adan', 'Motivo de la consulta: Dolor en el hombro derecho y dificultad para levantar objetos. Historia Clínica: Antecedentes médicos familiares: Sin antecedentes médicos significativos. Antecedentes personales: Fumador ocasional, sin alergias conocidas. Examen Físico: Signos vitales: Presión arterial, frecuencia cardíaca, frecuencia respiratoria, temperatura. Estado general: Dolor en la región del hombro derecho. Diagnóstico Provisional: Lesión del manguito rotador. Pruebas y Resultados: Resonancia magn', 12, '2022-07-26', 0),
(5, '70567890A', 'Paschstraße 20, 24183, Rakow', 'Holton', 'Trish', 'Motivo de la consulta: Dolor en la región lumbar y dificultad para caminar. Historia Clínica: Antecedentes médicos familiares: Sin antecedentes médicos significativos. Antecedentes personales: No fumadora, sin alergias conocidas. Examen Físico: Signos vitales: Presión arterial, frecuencia cardíaca, frecuencia respiratoria, temperatura. Estado general: Dolor lumbar y debilidad en las piernas. Diagnóstico Provisional: Compresión de la médula espinal. Pruebas y Resultados: Resonancia magnética de l', 20, '2023-04-19', 0),
(6, '70678901Q', 'Hans-Sachs-Straße 21, 54924, Aasbüttel', 'Hammond', 'Reyna', 'Motivo de la consulta: Dolor abdominal y cambios en los patrones de evacuación. Historia Clínica: Antecedentes médicos familiares: Madre con antecedentes de enfermedad gastrointestinal. Antecedentes personales: No fumadora, sin alergias conocidas. Examen Físico: Signos vitales: Presión arterial, frecuencia cardíaca, frecuencia respiratoria, temperatura. Estado general: Dolor en el abdomen inferior. Evaluación abdominal. Diagnóstico Provisional: Síndrome del intestino irritable. Pruebas y Resulta', 16, '2023-04-20', 0),
(7, '70789012A', 'Hirschauer Straße 2, 99881, Ahnsen', 'Wasson', 'Lorene', 'Motivo de la consulta: Dolor en la región lumbar. Historia Clínica: Antecedentes médicos familiares: Sin antecedentes médicos significativos. Antecedentes personales: Fumadora ocasional, historial de lesiones deportivas. Examen Físico: Signos vitales: Presión arterial, frecuencia cardíaca, frecuencia respiratoria, temperatura. Estado general: Dolor a la palpación en la región lumbar. Diagnóstico Provisional: Dolor lumbar crónico. Pruebas y Resultados: Resonancia magnética de la columna vertebral', 10, '2023-06-08', 0),
(8, '70890123Y', 'Elisabethplatz 2e, 23333, Mechterstädt', 'Carl', 'Erin', 'Motivo de la consulta: Dolor en la parte baja de la espalda y rigidez matutina. Historia Clínica: Antecedentes médicos familiares: Sin antecedentes médicos significativos. Antecedentes personales: Fumador ocasional, sin alergias conocidas. Examen Físico: Signos vitales: Presión arterial, frecuencia cardíaca, frecuencia respiratoria, temperatura. Estado general: Dolor lumbar y limitación de movimiento. Diagnóstico Provisional: Artritis lumbar. Pruebas y Resultados: Análisis de sangre: Marcadores ', 28, '2023-05-22', 0),
(9, '70901234P', 'Kaufingerstraße 183c, 51228, Eichenberg', 'Estep', 'Chrissy', 'Motivo de la consulta: Dolor en el hombro derecho después de una caída. Historia Clínica: Antecedentes médicos familiares: Sin antecedentes médicos significativos. Antecedentes personales: No fumadora, sin alergias conocidas. Examen Físico: Signos vitales: Presión arterial, frecuencia cardíaca, frecuencia respiratoria, temperatura. Estado general: Dolor en el hombro derecho y limitación de movimiento. Diagnóstico Provisional:  Lesión en el hombro derecho, posible esguince. Pruebas y Resultados: ', 29, '2023-06-17', 0),
(10, '70012345T', 'Occamstraße 8c, 29293, Hückelhoven', 'Hammonds', 'Erin', 'Motivo de la consulta: Tos persistente y fiebre. Historia Clínica: Antecedentes médicos familiares: Madre con antecedentes de diabetes. Antecedentes personales: No fumadora, sin alergias conocidas. Examen Físico: Signos vitales: Presión arterial, frecuencia cardíaca, frecuencia respiratoria, temperatura. Estado general: Tos audible, congestión nasal. Piel, ojos, oídos, nariz y garganta examinados. Diagnóstico Provisional: Infección respiratoria aguda. Pruebas y Resultados: Análisis de sangre: Re', 27, '2022-10-21', 0),
(11, '70023456W', 'Soldnerweg 8, 37673, Gries', 'Smyth', 'Alphonso', 'Motivo de la consulta: Presión arterial elevada y dolor en el pecho. Historia Clínica: Antecedentes médicos familiares: Hipertensión y enfermedad cardíaca en la familia. Antecedentes personales: Fumador ocasional, consumo moderado de alcohol. Examen Físico: Signos vitales: Presión arterial, frecuencia cardíaca, frecuencia respiratoria, temperatura. Estado general: Dolor opresivo en el pecho. Diagnóstico Provisional: Hipertensión arterial y angina de pecho. Pruebas y Resultados: Electrocardiogram', 9, '2023-07-26', 0),
(12, '70134567T', 'Schnaderböckstraße 2a, 54949, Aach', 'Waterman', 'Minh', 'Motivo de la consulta: Dolor abdominal agudo después de una comida. Historia Clínica: Antecedentes médicos familiares: Sin antecedentes médicos significativos. Antecedentes personales: Ocasional consumo de alcohol. Examen Físico: Signos vitales: Presión arterial, frecuencia cardíaca, frecuencia respiratoria, temperatura. Estado general: Dolor abdominal en el cuadrante superior derecho. Diagnóstico Provisional: Colecistitis aguda (inflamación de la vesícula biliar). Pruebas y Resultados: Ecografí', 13, '2022-11-10', 0),
(13, '70245678K', 'Barthstraße 2, 07909, Kindsbach', 'Libby', 'Alina', 'Motivo de la consulta: Síntomas de fatiga extrema y debilidad muscular. Historia Clínica: Antecedentes médicos familiares: Historial de enfermedades autoinmunes en la familia. Antecedentes personales: No fumadora, sin alergias conocidas. Examen Físico: Signos vitales: Presión arterial, frecuencia cardíaca, frecuencia respiratoria, temperatura. Estado general: Debilidad muscular generalizada. Diagnóstico Provisional: Evaluación de fatiga crónica. Pruebas y Resultados: Análisis de sangre: Perfil a', 17, '2023-04-20', 0),
(14, '70356789L', 'Adalbertstraße 5d, 36105, Adelheidsdorf', 'Meredith', 'Ira', 'Motivo de la consulta: Dolor en la región lumbar y entumecimiento en las piernas. Historia Clínica: Antecedentes médicos familiares: Padre con antecedentes de enfermedad degenerativa de la columna. Antecedentes personales: No fumadora, practica deportes regularmente. Examen Físico: Signos vitales: Presión arterial, frecuencia cardíaca, frecuencia respiratoria, temperatura. Estado general: Dolor lumbar y pérdida de sensibilidad en las piernas. Diagnóstico Provisional: Hernia de disco lumbar. Prue', 11, '2022-01-06', 0),
(15, '70467890F', 'Schnaderböckstraße 14d, 83166, Assamstadt', 'Poirier', 'Celia', 'Motivo de la consulta: Dolor en la muñeca derecha después de una caída. Historia Clínica: Antecedentes médicos familiares: Sin antecedentes médicos significativos. Antecedentes personales: No fumador, historial de lesiones deportivas. Examen Físico: Signos vitales: Presión arterial, frecuencia cardíaca, frecuencia respiratoria, temperatura. Estado general: Dolor en la muñeca derecha a la palpación. Diagnóstico Provisional: Esguince en la muñeca derecha. Pruebas y Resultados: Radiografía de la mu', 10, '2023-02-18', 0),
(16, '70578901C', 'Häberlstraße 27, 75387, Bibow', 'Homan', 'Archie', 'Motivo de la consulta: Infección respiratoria con fiebre y tos persistente. Historia Clínica: Antecedentes médicos familiares: Sin antecedentes médicos significativos. Antecedentes personales: No fumadora, sin alergias conocidas. Examen Físico: Signos vitales: Presión arterial, frecuencia cardíaca, frecuencia respiratoria, temperatura. Estado general: Fiebre, congestión nasal, tos productiva. Diagnóstico Provisional: Infección respiratoria aguda. Pruebas y Resultados: Análisis de sangre: Recuent', 9, '2023-09-29', 0),
(17, '70689012F', 'Platenstraße 4, 34299, Roßlau', 'Barrow', 'Stefan', 'Motivo de la consulta: Fatiga persistente y pérdida de apetito. Historia Clínica: Antecedentes médicos familiares: Sin antecedentes médicos significativos. Antecedentes personales: No fumadora, sin alergias conocidas. Examen Físico: Signos vitales: Presión arterial, frecuencia cardíaca, frecuencia respiratoria, temperatura. Estado general: Fatiga extrema, pérdida de peso. Diagnóstico Provisional:  Evaluación de fatiga crónica. Pruebas y Resultados: Análisis de sangre: Hemograma completo, perfil ', 12, '2023-05-27', 0),
(18, '70790123X', 'Grimmstraße 1, 69224, Neubrück', 'Snead', 'Annalee', 'Motivo de la consulta: Dolor en la articulación de la rodilla derecha. Historia Clínica: Antecedentes médicos familiares: Sin antecedentes médicos significativos. Antecedentes personales: Practica deportes regularmente. Examen Físico: Signos vitales: Presión arterial, frecuencia cardíaca, frecuencia respiratoria, temperatura. Estado general: Dolor y limitación en la movilidad de la rodilla derecha. Diagnóstico Provisional: Lesión en la articulación de la rodilla. Pruebas y Resultados: Radiografí', 4, '2023-05-09', 1),
(19, '70801234N', 'Sankt-Anna-Straße 1, 62662, Großbettlingen', 'Carlin', 'Deetta', 'Motivo de la consulta: Mareos y vértigos frecuentes. Historia Clínica: Antecedentes médicos familiares: Sin antecedentes médicos significativos. Antecedentes personales: No fumadora, sin alergias conocidas. Examen Físico: Signos vitales: Presión arterial, frecuencia cardíaca, frecuencia respiratoria, temperatura. Estado general: Mareos al cambiar de posición. Evaluación neurológica. Diagnóstico Provisional: Vértigo posicional paroxístico benigno. Pruebas y Resultados: Maniobras de posicionamient', 9, '2023-06-13', 0),
(20, '70912345X', 'Elisabethplatz 1, 03258, Marne', 'Merrick', 'Lorenzo', 'Motivo de la consulta: Dolor agudo en el hombro izquierdo después de una caída. Historia Clínica: Antecedentes médicos familiares: Sin antecedentes médicos significativos. Antecedentes personales: No fumadora, sin alergias conocidas. Examen Físico: Signos vitales: Presión arterial, frecuencia cardíaca, frecuencia respiratoria, temperatura. Estado general: Dolor y limitación de movimiento en el hombro izquierdo. Diagnóstico Provisional: Lesión en el hombro izquierdo, posible dislocación o fractur', 4, '2023-03-03', 0),
(21, '70034567G', 'Ansprengerstraße 51d, 59534, Bunsoh', 'Barrows', 'Eugenie', 'Motivo de la consulta: Dolor abdominal persistente en la parte superior. Historia Clínica: Antecedentes médicos familiares: Sin antecedentes médicos significativos.Antecedentes personales: Fumador ocasional, consumo moderado de alcohol. Examen Físico: Signos vitales: Presión arterial, frecuencia cardíaca, frecuencia respiratoria, temperatura. Estado general: Dolor abdominal epigástrico.Diagnóstico Provisional:Úlcera péptica. Pruebas y Resultados: Endoscopia digestiva alta. Análisis de sangre: Pr', 14, '2022-08-27', 0),
(22, '70145678W', 'Lachnerstraße 1, 97364, Geilsdorf', 'Waters', 'Nydia', 'Motivo de la consulta: Dolor en la espalda baja y dificultad para caminar. Historia Clínica: Antecedentes médicos familiares: Sin antecedentes médicos significativos. Antecedentes personales: No fumador, historial de lesiones deportivas. Examen Físico: Signos vitales: Presión arterial, frecuencia cardíaca, frecuencia respiratoria, temperatura. Estado general: Dolor lumbar a la palpación. Evaluación neurológica. Diagnóstico Provisional: Dolor lumbar crónico. Pruebas y Resultados: Imágenes: Resona', 10, '2022-04-05', 0),
(23, '70256789T', 'Richelstraße 2d, 04020, Daasdorf a Berge', 'Estes', 'Bryon', 'Motivo de la consulta: Dolor abdominal intenso y vómitos persistentes. Historia Clínica: Antecedentes médicos familiares: Sin antecedentes médicos significativos. Antecedentes personales: No fumadora, sin alergias conocidas. Examen Físico: Signos vitales: Presión arterial, frecuencia cardíaca, frecuencia respiratoria, temperatura. Estado general: Dolor abdominal en el cuadrante inferior izquierdo. Diagnóstico Provisional: Diverticulitis aguda. Pruebas y Resultados: Tomografía computarizada abdom', 13, '2023-03-20', 0),
(24, '70367890B', 'Tivolistraße 24-28, 67573, Krummwisch', 'Polanco', 'Alexia', 'Motivo de la consulta: Dolor en el pecho y dificultad para respirar. Historia Clínica: Antecedentes médicos familiares: Padre con antecedentes de enfermedad cardíaca. Antecedentes personales: Fumador ocasional, sin alergias conocidas. Examen Físico: Signos vitales: Presión arterial, frecuencia cardíaca, frecuencia respiratoria, temperatura. Estado general: Dolor en el pecho al respirar profundamente. Auscultación cardíaca y pulmonar. Diagnóstico Provisional: Evaluación de dolor torácico. Se cons', 12, '2023-05-20', 0),
(25, '70478901R', 'Geschwister-Scholl-Platz 69d, 48306, Hörsten', 'Carlisle', 'Tyron', 'Motivo de la consulta: Tos persistente y dificultad para respirar. Historia Clínica: Antecedentes médicos familiares: Sin antecedentes médicos significativos. Antecedentes personales: No fumadora, sin alergias conocidas. Examen Físico: Signos vitales: Presión arterial, frecuencia cardíaca, frecuencia respiratoria, temperatura. Estado general: Tos persistente, sibilancias en los pulmones. Diagnóstico Provisional: Asma bronquial. Pruebas y Resultados: Espirometría para evaluar la función pulmonar.', 25, '2022-10-01', 0),
(26, '70589012B', 'Unterer Anger 1, 26079, Ebersroda', 'Hammons', 'Abe', 'Motivo de la consulta: Dolor de cabeza persistente y mareos ocasionales. Historia Clínica: Antecedentes médicos familiares: Madre con antecedentes de migrañas. Antecedentes personales: No fumadora, sin alergias conocidas. Examen Físico: Signos vitales: Presión arterial, frecuencia cardíaca, frecuencia respiratoria, temperatura. Estado general: Dolor en la región temporal derecha. Diagnóstico Provisional: Migraña crónica. Pruebas y Resultados: Diario de cefaleas. Consulta con un neurólogo. Plan d', 24, '2023-09-18', 0),
(27, '70690123Z', 'Ackerstraße 5, 75435, Ackermannshof', 'Barry', 'Lorrine', 'Motivo de la consulta: Pérdida de peso inexplicada y fatiga. Historia Clínica: Antecedentes médicos familiares: Cáncer en la familia. Antecedentes personales: No fumador, sin alergias conocidas. Examen Físico: Signos vitales: Presión arterial, frecuencia cardíaca, frecuencia respiratoria, temperatura. Estado general: Palidez cutánea, ganglios linfáticos palpables. Diagnóstico Provisional: Evaluación de pérdida de peso involuntaria. Pruebas y Resultados: Análisis de sangre: Perfil metabólico comp', 12, '2022-07-28', 0),
(28, '70701234Q', 'Keuslinstraße 91c, 92579, Aub', 'Merrill', 'Madeleine', 'Motivo de la consulta: Dolor abdominal persistente en el lado derecho. Historia Clínica: Antecedentes médicos familiares: Sin antecedentes médicos significativos. Antecedentes personales: No fumador, sin alergias conocidas. Examen Físico: Signos vitales: Presión arterial, frecuencia cardíaca, frecuencia respiratoria, temperatura. Estado general: Dolor en el cuadrante inferior derecho del abdomen. Diagnóstico Provisional: Apendicitis aguda. Pruebas y Resultados: Exámenes de laboratorio: Hemograma', 20, '2022-09-19', 0),
(29, '70812345Z', 'Holbeinstraße 1, 28028, Fleringen', 'Estrada', 'Erwin', 'Motivo de la consulta: Dolor abdominal persistente. Historia Clínica: Antecedentes médicos familiares: No hay antecedentes médicos relevantes. Antecedentes personales: No fumador, ocasional consumidor de alcohol. Examen Físico: Signos vitales: Presión arterial, frecuencia cardíaca, frecuencia respiratoria, temperatura.Estado general: Orientado en tiempo, espacio y persona. Condiciones generales de la piel, ojos, oídos, nariz y garganta. Diagnóstico Provisional: Dolor abdominal de origen desconoc', 14, '2023-01-14', 0),
(30, '70923456N', 'Agnesstraße 8, 25538, Auenwald', 'Light', 'Velia', 'Motivo de la consulta: Presión arterial elevada y mareos recurrentes. Historia Clínica: Antecedentes médicos familiares: Hipertensión en la familia. Antecedentes personales: Fumador ocasional, consumo moderado de alcohol. Examen Físico: Signos vitales: Presión arterial, frecuencia cardíaca, frecuencia respiratoria, temperatura. Estado general: Mareos al cambiar de posición. Evaluación neurológica. Diagnóstico Provisional: Hipertensión arterial. Pruebas y Resultados: Monitoreo ambulatorio de la p', 26, '2023-06-11', 0),
(31, '21519448G', 'a', 'ss', 'aa', 'ss', 14, NULL, 0);

-- 
-- Dumping data for table procedimientos
--
INSERT INTO procedimientos VALUES
(2, 22, 'Neurotomía', 19),
(3, 30, 'Cirugía de resección pulmonar', 22),
(4, 26, 'Resección de tumor cerebral', 8),
(5, 17, 'Reparación de ligamento cruzado anterior (LCA)', 12),
(6, 6, 'Fistulectomía', 3),
(7, 29, 'Mastopectomía', 4),
(8, 8, 'Corrección de pie zambo', 4),
(9, 3, 'Tonsilectomía', 19),
(10, 12, 'Histerectomía', 21),
(11, 21, 'Cirugía de injerto de piel', 28),
(12, 23, 'Laminectomía', 6),
(13, 7, 'Cirugía de la columna vertebral', 27),
(14, 4, 'Cirugía de cataratas', 6),
(15, 9, 'Cirugía de derivación gástrica', 20),
(16, 27, 'Orquiectomía', 9),
(17, 13, 'Cirugía de trasplante renal', 29),
(18, 24, 'Reparación de hernia', 14),
(19, 10, 'Cirugía de derivación biliar', 21),
(20, 1, 'Colostomía', 12),
(22, 14, 'Cirugía de corazón abierto', 23),
(23, 28, 'Fleboextracción', 5),
(24, 2, 'Amigdalectomía', 4),
(25, 25, 'Ooforectomía', 12),
(26, 18, 'Cirugía de revascularización coronaria', 7),
(27, 11, 'Septoplastia', 24),
(28, 15, 'Apendicectomía', 24),
(29, 19, 'Artroplastia de cadera', 5),
(30, 16, 'Colecistectomía', 12);

-- 
-- Dumping data for table proveedores
--
INSERT INTO proveedores VALUES
(2, 'Q0886554A', 'Advanced S-Mobile In', 'Especializada en productos ortopédicos y soluciones para la reconstrucción articular.', 'Hiendlmayrstraße 279, 57590, Bergholz'),
(3, 'D1816329F', 'International Oil Co', 'Empresa farmacéutica que suministra una variedad de medicamentos y vacunas.', 'Perfallstraße 2d, 98583, Altmannstein'),
(4, 'P2240431E', 'Flexible Devices Gro', 'Empresa farmacéutica que se enfoca en áreas como oncología, enfermedades infecciosas y salud del consumidor.', 'Jungwirthstraße 1d, 36991, Steffenshof'),
(5, 'R93199771', 'Federal F-Mobile Cor', 'Empresa farmacéutica centrada en medicamentos para enfermedades como la diabetes y la oncología.', 'Poccistraße 15-16, 36477, Weisel'),
(6, 'E6483899C', 'General J-Mobile Gro', 'Ofrece una amplia gama de productos de laboratorio y diagnóstico, incluyendo reactivos y equipos.', 'Franz-Josef-Strauß-Ring 6, 46800, Großbottwar'),
(7, 'H0314385A', 'Creative Materials G', 'Empresa farmacéutica que se centra en medicamentos para diversas enfermedades.', 'Von-der-Tann-Straße 28a, 95375, Aalen'),
(8, 'H06649966', 'Federal Laboratories', 'Proveedor de tecnología médica diversa, incluyendo equipos de imagen y cuidados intensivos.', 'Gudrunstraße 7c, 96290, Quaßliner Mühle'),
(9, 'B1615458C', 'Professional Wind Po', 'Suministra dispositivos médicos y productos farmacéuticos, con énfasis en la terapia intravenosa.', 'Drachenseestraße 8, 64999, Horschbach'),
(10, 'A4048551E', 'Professional Investm', 'Especializada en productos para la terapia renal y sistemas de administración de medicamentos.', 'Thiemestraße 29, 58399, Bargstedt'),
(11, 'F1634221I', 'North Electricity Gr', 'Ofrece una variedad de productos farmacéuticos, incluyendo vacunas y medicamentos.', 'Grammstraße 1, 44620, Aalen'),
(12, 'G5701998D', 'International Petrol', 'Otra división de Roche, enfocada en el desarrollo de medicamentos innovadores.', 'Zündappbogen 75c, 81210, Hasborn'),
(13, 'B81147421', 'East C-Mobile Corpor', 'Especializada en productos ortopédicos y de avanzada tecnología médica.', 'Ackerstraße 1, 68255, Adenbüttel'),
(14, 'Q63284832', 'Domestic Space Resea', 'Ofrece productos para el diagnóstico y tratamiento de enfermedades, incluyendo jeringas y sistemas de infusión.', 'Perfallstraße 2, 04437, Thörlingen'),
(15, 'G85040644', 'Special Electricity ', 'Conocida por suministrar productos de cuidado de la salud, desde apósitos hasta equipos de esterilización.', 'Adelheidstraße 22-27, 52450, Latendorf'),
(16, 'S57786938', 'Smart 7D Electronic ', 'Proporciona dispositivos médicos innovadores, desde marcapasos hasta equipos de cirugía.', 'Mathildenstraße 27, 37597, Deuerling'),
(17, 'D13472882', 'Professional Health ', 'Proveedor de dispositivos médicos, especialmente en áreas como cardiología y radiología intervencionista.', 'Gunezrainerstraße 25a, 18330, Ahrensfelde'),
(18, 'S25503856', 'Federal Space Resear', 'Especializada en diagnóstico in vitro, proporciona equipos y reactivos de laboratorio.', 'Speyerer Straße 2a, 73667, Taunusstein'),
(19, 'E8565826C', 'Domestic Products Co', 'Especializada en tecnología médica para la salud de la mujer, como mamografías y pruebas de diagnóstico.', 'Herzog-Heinrich-Straße 24-28, 96809, Gerstungen'),
(20, 'G42306292', 'Western High-Technol', 'Suministra una amplia gama de productos, desde pruebas de diagnóstico hasta dispositivos cardíacos.', 'Bauerstraße 1e, 33738, Abberode'),
(21, 'S66483610', 'First F-Mobile Group', 'Proveedor de tecnología para el tratamiento del cáncer, incluyendo sistemas de radioterapia.', 'Sattlerstraße 6f, 11518, Brieske'),
(22, 'E56062174', 'Canadian 7D Electron', 'Proveedor de productos farmacéuticos y servicios para la atención médica.', 'Hedwig-Dransfeld-Allee 1a, 16606, Bad Urach'),
(23, 'Q9388567I', 'Special 4G Wireless ', 'Líder en suministros médicos, desde vendajes hasta dispositivos quirúrgicos.', 'Wallstraße 41c, 04210, Mainz-Kastel'),
(24, 'Q5939788C', 'City Oil Corp.', 'Fabricante de envases de vidrio avanzado para productos farmacéuticos y de laboratorio.', 'Haimhauserstraße 4, 56387, Eichstätt'),
(25, 'C53891875', 'WorldWide E-Mobile C', 'Empresa farmacéutica global que abarca desde medicamentos oftálmicos hasta oncológicos.', 'Ackerstraße 13-16, 51409, Bach'),
(26, 'C5276935B', 'Home Laboratories Gr', 'Líder en diálisis y productos relacionados con la insuficiencia renal.', 'Am Glockenbach 7d, 87006, Garnbach'),
(27, 'H74537368', 'North High-Technolog', 'Ofrece soluciones integrales, desde equipos de rayos X hasta monitores de pacientes.', 'Haidenauplatz 2, 14417, Althengstett'),
(28, 'G01782017', 'City Research Inc.', 'Ofrece tecnología médica avanzada, como equipos de diagnóstico por imagen.', 'Adams-Lehmann-Straße 1, 64262, Aidlingen'),
(29, 'Q3405592F', 'First Mobile Corpora', 'Ofrece dispositivos médicos, especialmente en las áreas de ortopedia y neurología.', 'Herrnstraße 26, 01766, Schönau'),
(30, 'S62115050', 'International Labora', 'Especializada en dispositivos médicos, desde stents hasta marcapasos.', 'Barthstraße 1, 94167, Teuschnitz');

-- 
-- Dumping data for table productos
--
INSERT INTO productos VALUES
(2, 'Monwoofridge', 1059, 'Endocrinología', 0, 1942),
(3, 'Chartoplet', 2058, 'Oftalmología', 1, 2949),
(4, 'Prolifiar', 25022, 'Nutrición', 0, 1327),
(5, 'Recordicphone', 36056, 'Cuidados Paliativos', 0, 2523),
(6, 'Contopexor', 948, 'Urología', 0, 2754),
(7, 'Monoholdphone', 49528, 'Hematología', 0, 2791),
(8, 'Bijectentor', 13683, 'Unidad de Cuidados C', 0, 197),
(9, 'Probandeflet', 20996, 'Ginecología y Obstet', 1, 1689),
(10, 'Tabcordefscope', 21030, 'Psiquiatría', 0, 2067),
(11, 'Comtectar', 10501, 'Radiología', 0, 1748),
(12, 'Tabniepra', 29754, 'Unidad de Cuidados I', 0, 1049),
(13, 'Reholdepscope', 8000, 'Neonatología', 0, 1923),
(14, 'Mictellewor', 22813, 'Traumatología', 0, 55),
(15, 'Printculon', 14325, 'Reumatología', 0, 1842),
(16, 'Ampcordletra', 23797, 'Pediatría', 0, 1901),
(17, 'Subbandridge', 14850, 'Radioterapia', 0, 19),
(18, 'Charcesseder', 8975, 'Rehabilitación', 0, 91),
(19, 'Readleinridge', 28019, 'Emergencias', 0, 1012),
(20, 'Cartnieper', 28313, 'Nefrología', 0, 1109),
(21, 'Ampcordimor', 34837, 'Otorrinolaringología', 1, 806),
(22, 'Stereomuterphone', 13552, 'Dermatología', 1, 8),
(23, 'Readcordar', 1497, 'Laboratorio Clínico', 0, 2027),
(24, 'Monholdewon', 47347, 'Neurología', 0, 838),
(25, 'Projectimer', 39360, 'Cirugía', 0, 1491),
(26, 'Ampleupentor', 19323, 'Farmacia', 0, 68),
(27, 'Stereoplotter', 41942, 'Oncología', 0, 1374),
(28, 'Tecordletphone', 46850, 'Cardiología', 0, 482),
(29, 'Stereowooflet', 18813, 'Postoperatorio', 1, 986),
(30, 'Tweettaridge', 27679, 'Cuidados Intensivos', 0, 2044);

-- 
-- Dumping data for table utilizan
--
INSERT INTO utilizan VALUES
(21, 2, 2),
(7, 3, 3),
(9, 4, 4),
(19, 5, 5),
(23, 6, 6),
(8, 7, 7),
(12, 8, 8),
(18, 9, 9),
(5, 10, 10),
(10, 11, 11),
(17, 12, 12),
(3, 13, 13),
(6, 14, 14),
(27, 15, 15),
(30, 16, 16),
(4, 17, 17),
(25, 18, 18),
(28, 19, 19),
(2, 20, 20),
(20, 21, 21),
(29, 22, 22),
(15, 23, 23),
(22, 24, 24),
(26, 25, 25),
(14, 26, 26),
(16, 27, 27),
(24, 28, 28),
(1, 29, 29),
(13, 30, 30);

-- 
-- Dumping data for table telefonospaciente
--
INSERT INTO telefonospaciente VALUES
(2, 25, '766002726'),
(3, 9, '730460137'),
(4, 29, '761506679'),
(5, 13, '767991886'),
(6, 21, '721063230'),
(7, 5, '675393147'),
(8, 18, '689823668'),
(9, 15, '637698446'),
(10, 22, '705211807'),
(11, 26, '728791657'),
(12, 19, '621719960'),
(13, 2, '694022294'),
(14, 30, '714451808'),
(15, 10, '625967991'),
(16, 6, '656435856'),
(17, 23, '720254136'),
(18, 16, '723947401'),
(19, 20, '633487278'),
(20, 27, '640128145'),
(21, 17, '723136321'),
(22, 24, '728374465'),
(23, 14, '799435765'),
(24, 11, '784479131'),
(25, 8, '653502872'),
(26, 28, '747267315'),
(27, 12, '743395651'),
(28, 3, '705534255'),
(29, 7, '760835373'),
(30, 4, '669095896');

-- 
-- Dumping data for table telefonosmedico
--
INSERT INTO telefonosmedico VALUES
(1, 29, '718535717'),
(2, 25, '687325096'),
(3, 30, '726916002'),
(4, 21, '757678479'),
(5, 22, '704050049'),
(6, 26, '724206818'),
(7, 18, '653407119'),
(8, 15, '671080625'),
(9, 5, '648011838'),
(10, 19, '654782779'),
(11, 23, '686539729'),
(12, 8, '793304882'),
(13, 12, '740965133'),
(14, 27, '763681559'),
(15, 2, '714426350'),
(16, 24, '694976214'),
(17, 28, '624711670'),
(18, 6, '604478266'),
(19, 16, '662700138'),
(20, 9, '611880584'),
(21, 20, '711902078'),
(22, 13, '734553709'),
(23, 3, '653640534'),
(24, 7, '687160416'),
(25, 10, '602944007'),
(26, 17, '772594630'),
(27, 14, '612235180'),
(28, 11, '694531308'),
(29, 4, '754759907');

-- 
-- Dumping data for table recetan
--
INSERT INTO recetan VALUES
(21, 2, 2),
(7, 3, 3),
(9, 4, 4),
(19, 5, 5),
(23, 6, 6),
(8, 7, 7),
(12, 8, 8),
(18, 9, 9),
(5, 10, 10),
(10, 11, 11),
(17, 12, 12),
(3, 13, 13),
(6, 14, 14),
(27, 15, 15),
(30, 16, 16),
(4, 17, 17),
(25, 18, 18),
(28, 19, 19),
(2, 20, 20),
(20, 21, 21),
(29, 22, 22),
(15, 23, 23),
(22, 24, 24),
(26, 25, 25),
(14, 26, 26),
(16, 27, 27),
(24, 28, 28),
(1, 29, 29),
(13, 30, 30);

-- 
-- Dumping data for table realizan
--
INSERT INTO realizan VALUES
(21, 2, 2),
(7, 3, 3),
(9, 4, 4),
(19, 5, 5),
(23, 6, 6),
(8, 7, 7),
(12, 8, 8),
(18, 9, 9),
(5, 10, 10),
(10, 11, 11),
(17, 12, 12),
(3, 13, 13),
(6, 14, 14),
(27, 15, 15),
(30, 16, 16),
(4, 17, 17),
(25, 18, 18),
(28, 19, 19),
(2, 20, 20),
(29, 22, 22),
(15, 23, 23),
(22, 24, 24),
(26, 25, 25),
(14, 26, 26),
(16, 27, 27),
(31, 28, 3),
(24, 28, 28),
(1, 29, 29),
(13, 30, 30);

-- 
-- Dumping data for table proporcionan
--
INSERT INTO proporcionan VALUES
(7, 3, 3),
(9, 4, 4),
(19, 5, 5),
(23, 6, 6),
(8, 7, 7),
(12, 8, 8),
(18, 9, 9),
(5, 10, 10),
(10, 11, 11),
(17, 12, 12),
(3, 13, 13),
(6, 14, 14),
(27, 15, 15),
(30, 16, 16),
(4, 17, 17),
(25, 18, 18),
(28, 19, 19),
(2, 20, 20),
(20, 21, 21),
(29, 22, 22),
(15, 23, 23),
(22, 24, 24),
(26, 25, 25),
(14, 26, 26),
(16, 27, 27),
(24, 28, 28),
(1, 29, 29),
(13, 30, 30);

-- 
-- Dumping data for table especialidades
--
INSERT INTO especialidades VALUES
(14, 4, 'Ginecología y Obstet'),
(12, 4, 'Otorrinolaringología'),
(17, 5, 'Cirugía General'),
(15, 5, 'Ginecología y Obstet'),
(26, 6, 'Cirugía General'),
(27, 6, 'Dermatología'),
(5, 9, 'Dermatología'),
(4, 9, 'Medicina Interna'),
(10, 9, 'Neurología'),
(2, 9, 'Oftalmología'),
(22, 10, 'Cardiología'),
(7, 10, 'Ginecología y Obstet'),
(24, 10, 'Medicina Interna'),
(21, 10, 'Neurología'),
(25, 11, 'Cardiología'),
(9, 11, 'Cirugía General'),
(13, 11, 'Dermatología'),
(18, 11, 'Neurología'),
(28, 11, 'Psiquiatría'),
(29, 12, 'Cardiología'),
(20, 12, 'Dermatología'),
(19, 12, 'Neurología'),
(3, 12, 'Pediatría'),
(30, 13, 'Cardiología'),
(16, 14, 'Psiquiatría'),
(23, 15, 'Oftalmología'),
(1, 16, 'Oftalmología'),
(8, 17, 'Medicina Interna'),
(6, 18, 'Pediatría'),
(31, 21, 'Otorrinolaringología');

-- 
-- Restore previous SQL mode
-- 
/*!40101 SET SQL_MODE=@OLD_SQL_MODE */;

-- 
-- Enable foreign keys
-- 
/*!40014 SET FOREIGN_KEY_CHECKS = @OLD_FOREIGN_KEY_CHECKS */;